{"UUID":"MK6dYuDVgedvLeX7Uppsd6","layoutMainAxisSizing":null,"layoutCrossAxisSizing":null,"name":"UTS Mobile TelU","isVisible":true,"boundaryRectangle":null,"style":null,"prototypeNodeUUID":null,"child":null,"constraints":null,"debug":false,"pngPath":"/usr/src/app/temp-out/pb-tmp-56521943-7752-4e20-9ca7-469da11dab82/jrix/lib/assets/images","pages":[{"UUID":"0:1","layoutMainAxisSizing":null,"layoutCrossAxisSizing":null,"name":"Page 1","isVisible":true,"boundaryRectangle":null,"style":null,"prototypeNodeUUID":null,"child":null,"constraints":null,"convert":true,"screens":[],"pbdlType":"page"}],"miscPages":[],"sharedStyles":[],"globalStyles":{"UUID":"","layoutMainAxisSizing":null,"layoutCrossAxisSizing":null,"name":"","isVisible":false,"boundaryRectangle":null,"style":null,"prototypeNodeUUID":null,"child":null,"constraints":null,"pbdlType":"global_styles","designSystem":"material","colors":[{"UUID":"1:112","layoutMainAxisSizing":null,"layoutCrossAxisSizing":null,"name":"Shade 04","isVisible":false,"boundaryRectangle":null,"style":null,"prototypeNodeUUID":null,"child":null,"constraints":null,"description":"","pbdlType":"global_color","color":{"a":1.0,"r":0.9900000095367432,"g":0.9900000095367432,"b":0.9900000095367432}},{"UUID":"1:7","layoutMainAxisSizing":null,"layoutCrossAxisSizing":null,"name":"Primary Color","isVisible":false,"boundaryRectangle":null,"style":null,"prototypeNodeUUID":null,"child":null,"constraints":null,"description":"","pbdlType":"global_color","color":{"a":1.0,"r":0.0,"g":0.25882354378700256,"b":0.5098039507865906}},{"UUID":"1:3","layoutMainAxisSizing":null,"layoutCrossAxisSizing":null,"name":"Shade 03","isVisible":false,"boundaryRectangle":null,"style":null,"prototypeNodeUUID":null,"child":null,"constraints":null,"description":"","pbdlType":"global_color","color":{"a":1.0,"r":0.8735293745994568,"g":0.886764645576477,"b":0.8999999761581421}},{"UUID":"1:5","layoutMainAxisSizing":null,"layoutCrossAxisSizing":null,"name":"Shade 02","isVisible":false,"boundaryRectangle":null,"style":null,"prototypeNodeUUID":null,"child":null,"constraints":null,"description":"","pbdlType":"global_color","color":{"a":1.0,"r":0.6662499904632568,"g":0.6741346120834351,"b":0.6833333373069763}},{"UUID":"1:15","layoutMainAxisSizing":null,"layoutCrossAxisSizing":null,"name":"Accent","isVisible":false,"boundaryRectangle":null,"style":null,"prototypeNodeUUID":null,"child":null,"constraints":null,"description":"","pbdlType":"global_color","color":{"a":1.0,"r":0.04313725605607033,"g":0.45098039507865906,"b":0.37254902720451355}},{"UUID":"1:16","layoutMainAxisSizing":null,"layoutCrossAxisSizing":null,"name":"Shade 01","isVisible":false,"boundaryRectangle":null,"style":null,"prototypeNodeUUID":null,"child":null,"constraints":null,"description":"","pbdlType":"global_color","color":{"a":1.0,"r":0.16470588743686676,"g":0.1882352977991104,"b":0.21568627655506134}},{"UUID":"1:167","layoutMainAxisSizing":null,"layoutCrossAxisSizing":null,"name":"Rodinia Main color","isVisible":false,"boundaryRectangle":null,"style":null,"prototypeNodeUUID":null,"child":null,"constraints":null,"description":"","pbdlType":"global_color","color":{"a":1.0,"r":0.04313725605607033,"g":0.45098039507865906,"b":0.37254902720451355}},{"UUID":"1:169","layoutMainAxisSizing":null,"layoutCrossAxisSizing":null,"name":"Text Color","isVisible":false,"boundaryRectangle":null,"style":null,"prototypeNodeUUID":null,"child":null,"constraints":null,"description":"","pbdlType":"global_color","color":{"a":1.0,"r":0.10833333432674408,"g":0.10833333432674408,"b":0.10833333432674408}},{"UUID":"1:170","layoutMainAxisSizing":null,"layoutCrossAxisSizing":null,"name":"Rodinia Error","isVisible":false,"boundaryRectangle":null,"style":null,"prototypeNodeUUID":null,"child":null,"constraints":null,"description":"","pbdlType":"global_color","color":{"a":1.0,"r":0.9410590529441833,"g":0.2506076693534851,"b":0.41631656885147095}},{"UUID":"1:173","layoutMainAxisSizing":null,"layoutCrossAxisSizing":null,"name":"Primary green","isVisible":false,"boundaryRectangle":null,"style":null,"prototypeNodeUUID":null,"child":null,"constraints":null,"description":"","pbdlType":"global_color","color":{"a":1.0,"r":0.04313725605607033,"g":0.45098039507865906,"b":0.37254902720451355}},{"UUID":"1:164","layoutMainAxisSizing":null,"layoutCrossAxisSizing":null,"name":"Blue 3","isVisible":false,"boundaryRectangle":null,"style":null,"prototypeNodeUUID":null,"child":null,"constraints":null,"description":"","pbdlType":"global_color","color":{"a":1.0,"r":0.33725491166114807,"g":0.800000011920929,"b":0.9490196108818054}},{"UUID":"1:175","layoutMainAxisSizing":null,"layoutCrossAxisSizing":null,"name":"Primary color","isVisible":false,"boundaryRectangle":null,"style":null,"prototypeNodeUUID":null,"child":null,"constraints":null,"description":"","pbdlType":"global_color","color":{"a":1.0,"r":0.0,"g":0.25882354378700256,"b":0.5098039507865906}},{"UUID":"1:165","layoutMainAxisSizing":null,"layoutCrossAxisSizing":null,"name":"Green 3","isVisible":false,"boundaryRectangle":null,"style":null,"prototypeNodeUUID":null,"child":null,"constraints":null,"description":"","pbdlType":"global_color","color":{"a":1.0,"r":0.43529412150382996,"g":0.8117647171020508,"b":0.5921568870544434}},{"UUID":"1:176","layoutMainAxisSizing":null,"layoutCrossAxisSizing":null,"name":"Red","isVisible":false,"boundaryRectangle":null,"style":null,"prototypeNodeUUID":null,"child":null,"constraints":null,"description":"","pbdlType":"global_color","color":{"a":1.0,"r":0.9215686321258545,"g":0.34117648005485535,"b":0.34117648005485535}},{"UUID":"1:177","layoutMainAxisSizing":null,"layoutCrossAxisSizing":null,"name":"Green 1","isVisible":false,"boundaryRectangle":null,"style":null,"prototypeNodeUUID":null,"child":null,"constraints":null,"description":"","pbdlType":"global_color","color":{"a":1.0,"r":0.12941177189350128,"g":0.5882353186607361,"b":0.32549020648002625}},{"UUID":"1:179","layoutMainAxisSizing":null,"layoutCrossAxisSizing":null,"name":"Blue 1","isVisible":false,"boundaryRectangle":null,"style":null,"prototypeNodeUUID":null,"child":null,"constraints":null,"description":"","pbdlType":"global_color","color":{"a":1.0,"r":0.18431372940540314,"g":0.501960813999176,"b":0.929411768913269}},{"UUID":"1:166","layoutMainAxisSizing":null,"layoutCrossAxisSizing":null,"name":"Orange","isVisible":false,"boundaryRectangle":null,"style":null,"prototypeNodeUUID":null,"child":null,"constraints":null,"description":"","pbdlType":"global_color","color":{"a":1.0,"r":0.9490196108818054,"g":0.6000000238418579,"b":0.29019609093666077}},{"UUID":"1:180","layoutMainAxisSizing":null,"layoutCrossAxisSizing":null,"name":"Blue 2","isVisible":false,"boundaryRectangle":null,"style":null,"prototypeNodeUUID":null,"child":null,"constraints":null,"description":"","pbdlType":"global_color","color":{"a":1.0,"r":0.1764705926179886,"g":0.6117647290229797,"b":0.8588235378265381}},{"UUID":"1:60","layoutMainAxisSizing":null,"layoutCrossAxisSizing":null,"name":"base red","isVisible":false,"boundaryRectangle":null,"style":null,"prototypeNodeUUID":null,"child":null,"constraints":null,"description":"","pbdlType":"global_color","color":{"a":1.0,"r":0.9960784316062927,"g":0.3333333432674408,"b":0.29019609093666077}},{"UUID":"1:133","layoutMainAxisSizing":null,"layoutCrossAxisSizing":null,"name":"Gray 6","isVisible":false,"boundaryRectangle":null,"style":null,"prototypeNodeUUID":null,"child":null,"constraints":null,"description":"","pbdlType":"global_color","color":{"a":1.0,"r":0.9490196108818054,"g":0.9490196108818054,"b":0.9490196108818054}},{"UUID":"1:183","layoutMainAxisSizing":null,"layoutCrossAxisSizing":null,"name":"Gray 3","isVisible":false,"boundaryRectangle":null,"style":null,"prototypeNodeUUID":null,"child":null,"constraints":null,"description":"","pbdlType":"global_color","color":{"a":1.0,"r":0.5098039507865906,"g":0.5098039507865906,"b":0.5098039507865906}},{"UUID":"1:185","layoutMainAxisSizing":null,"layoutCrossAxisSizing":null,"name":"Green","isVisible":false,"boundaryRectangle":null,"style":null,"prototypeNodeUUID":null,"child":null,"constraints":null,"description":"","pbdlType":"global_color","color":{"a":1.0,"r":0.1568627506494522,"g":0.6549019813537598,"b":0.2705882489681244}},{"UUID":"1:186","layoutMainAxisSizing":null,"layoutCrossAxisSizing":null,"name":"#121A24","isVisible":false,"boundaryRectangle":null,"style":null,"prototypeNodeUUID":null,"child":null,"constraints":null,"description":"","pbdlType":"global_color","color":{"a":1.0,"r":0.07058823853731155,"g":0.10196078568696976,"b":0.1411764770746231}},{"UUID":"1:187","layoutMainAxisSizing":null,"layoutCrossAxisSizing":null,"name":"#444E5E","isVisible":false,"boundaryRectangle":null,"style":null,"prototypeNodeUUID":null,"child":null,"constraints":null,"description":"","pbdlType":"global_color","color":{"a":1.0,"r":0.2666666805744171,"g":0.30588236451148987,"b":0.3686274588108063}},{"UUID":"1:184","layoutMainAxisSizing":null,"layoutCrossAxisSizing":null,"name":"#DEE2E6","isVisible":false,"boundaryRectangle":null,"style":null,"prototypeNodeUUID":null,"child":null,"constraints":null,"description":"","pbdlType":"global_color","color":{"a":1.0,"r":0.8705882430076599,"g":0.886274516582489,"b":0.9019607901573181}},{"UUID":"1:188","layoutMainAxisSizing":null,"layoutCrossAxisSizing":null,"name":"Green 2","isVisible":false,"boundaryRectangle":null,"style":null,"prototypeNodeUUID":null,"child":null,"constraints":null,"description":"","pbdlType":"global_color","color":{"a":1.0,"r":0.15294118225574493,"g":0.6823529601097107,"b":0.3764705955982208}},{"UUID":"1:189","layoutMainAxisSizing":null,"layoutCrossAxisSizing":null,"name":"Gray 5","isVisible":false,"boundaryRectangle":null,"style":null,"prototypeNodeUUID":null,"child":null,"constraints":null,"description":"","pbdlType":"global_color","color":{"a":1.0,"r":0.8784313797950745,"g":0.8784313797950745,"b":0.8784313797950745}}],"textStyles":[{"UUID":"1:4","layoutMainAxisSizing":null,"layoutCrossAxisSizing":null,"name":"Button text","isVisible":false,"boundaryRectangle":null,"style":null,"prototypeNodeUUID":null,"child":null,"constraints":null,"description":"","pbdlType":"global_text_style","textStyle":{"UUID":"","layoutMainAxisSizing":null,"layoutCrossAxisSizing":null,"name":"","isVisible":false,"boundaryRectangle":null,"style":null,"prototypeNodeUUID":"","child":null,"constraints":null,"fontFamily":"Sk-Modernist","fontPostScriptName":"Sk-Modernist-Bold","paragraphSpacing":0,"paragraphIndent":0,"listSpacing":0,"italics":null,"fontWeight":700,"fontSize":14.0,"textCase":"ORIGINAL","textDecoration":"NONE","textAutoResize":"WIDTH_AND_HEIGHT","textAlignHorizontal":"LEFT","textAlignVertical":"TOP","letterSpacing":-0.14,"fills":null,"hyperLink":null,"opentypeFlags":{},"lineHeightPx":21.32200050354004,"lineHeightPercent":126.91666412353516,"lineHeightPercentFontSize":152.3000030517578,"lineHeightUnit":"FONT_SIZE_%","pbdlType":"text_style"}},{"UUID":"1:168","layoutMainAxisSizing":null,"layoutCrossAxisSizing":null,"name":"header 4","isVisible":false,"boundaryRectangle":null,"style":null,"prototypeNodeUUID":null,"child":null,"constraints":null,"description":"","pbdlType":"global_text_style","textStyle":{"UUID":"","layoutMainAxisSizing":null,"layoutCrossAxisSizing":null,"name":"","isVisible":false,"boundaryRectangle":null,"style":null,"prototypeNodeUUID":"","child":null,"constraints":null,"fontFamily":"DM Sans","fontPostScriptName":"DMSans-Medium","paragraphSpacing":0,"paragraphIndent":0,"listSpacing":0,"italics":null,"fontWeight":500,"fontSize":18.0,"textCase":"ORIGINAL","textDecoration":"NONE","textAutoResize":"WIDTH_AND_HEIGHT","textAlignHorizontal":"LEFT","textAlignVertical":"TOP","letterSpacing":-0.36,"fills":null,"hyperLink":null,"opentypeFlags":{},"lineHeightPx":27.413999557495117,"lineHeightPercent":116.97388458251953,"lineHeightPercentFontSize":152.3000030517578,"lineHeightUnit":"FONT_SIZE_%","pbdlType":"text_style"}},{"UUID":"1:171","layoutMainAxisSizing":null,"layoutCrossAxisSizing":null,"name":"Header 1","isVisible":false,"boundaryRectangle":null,"style":null,"prototypeNodeUUID":null,"child":null,"constraints":null,"description":"","pbdlType":"global_text_style","textStyle":{"UUID":"","layoutMainAxisSizing":null,"layoutCrossAxisSizing":null,"name":"","isVisible":false,"boundaryRectangle":null,"style":null,"prototypeNodeUUID":"","child":null,"constraints":null,"fontFamily":"DM Sans","fontPostScriptName":"DMSans-Bold","paragraphSpacing":0,"paragraphIndent":0,"listSpacing":0,"italics":null,"fontWeight":700,"fontSize":24.0,"textCase":"ORIGINAL","textDecoration":"NONE","textAutoResize":"WIDTH_AND_HEIGHT","textAlignHorizontal":"LEFT","textAlignVertical":"TOP","letterSpacing":-0.72,"fills":null,"hyperLink":null,"opentypeFlags":{},"lineHeightPx":31.248001098632812,"lineHeightPercent":100.0,"lineHeightPercentFontSize":null,"lineHeightUnit":"INTRINSIC_%","pbdlType":"text_style"}},{"UUID":"1:172","layoutMainAxisSizing":null,"layoutCrossAxisSizing":null,"name":"body regular ","isVisible":false,"boundaryRectangle":null,"style":null,"prototypeNodeUUID":null,"child":null,"constraints":null,"description":"","pbdlType":"global_text_style","textStyle":{"UUID":"","layoutMainAxisSizing":null,"layoutCrossAxisSizing":null,"name":"","isVisible":false,"boundaryRectangle":null,"style":null,"prototypeNodeUUID":"","child":null,"constraints":null,"fontFamily":"DM Sans","fontPostScriptName":"DMSans-Regular","paragraphSpacing":0,"paragraphIndent":0,"listSpacing":0,"italics":null,"fontWeight":400,"fontSize":15.0,"textCase":"ORIGINAL","textDecoration":"NONE","textAutoResize":"WIDTH_AND_HEIGHT","textAlignHorizontal":"LEFT","textAlignVertical":"TOP","letterSpacing":-0.15,"fills":null,"hyperLink":null,"opentypeFlags":{},"lineHeightPx":22.844999313354492,"lineHeightPercent":116.97388458251953,"lineHeightPercentFontSize":152.3000030517578,"lineHeightUnit":"FONT_SIZE_%","pbdlType":"text_style"}},{"UUID":"1:6","layoutMainAxisSizing":null,"layoutCrossAxisSizing":null,"name":"Button","isVisible":false,"boundaryRectangle":null,"style":null,"prototypeNodeUUID":null,"child":null,"constraints":null,"description":"","pbdlType":"global_text_style","textStyle":{"UUID":"","layoutMainAxisSizing":null,"layoutCrossAxisSizing":null,"name":"","isVisible":false,"boundaryRectangle":null,"style":null,"prototypeNodeUUID":"","child":null,"constraints":null,"fontFamily":"Sk-Modernist","fontPostScriptName":"Sk-Modernist-Bold","paragraphSpacing":0,"paragraphIndent":0,"listSpacing":0,"italics":null,"fontWeight":700,"fontSize":16.0,"textCase":"ORIGINAL","textDecoration":"NONE","textAutoResize":"WIDTH_AND_HEIGHT","textAlignHorizontal":"LEFT","textAlignVertical":"TOP","letterSpacing":-0.16,"fills":null,"hyperLink":null,"opentypeFlags":{},"lineHeightPx":24.0,"lineHeightPercent":124.99999237060547,"lineHeightPercentFontSize":150.0,"lineHeightUnit":"FONT_SIZE_%","pbdlType":"text_style"}},{"UUID":"1:181","layoutMainAxisSizing":null,"layoutCrossAxisSizing":null,"name":"header 3 px16","isVisible":false,"boundaryRectangle":null,"style":null,"prototypeNodeUUID":null,"child":null,"constraints":null,"description":"","pbdlType":"global_text_style","textStyle":{"UUID":"","layoutMainAxisSizing":null,"layoutCrossAxisSizing":null,"name":"","isVisible":false,"boundaryRectangle":null,"style":null,"prototypeNodeUUID":"","child":null,"constraints":null,"fontFamily":"DM Sans","fontPostScriptName":"DMSans-Medium","paragraphSpacing":0,"paragraphIndent":0,"listSpacing":0,"italics":null,"fontWeight":500,"fontSize":16.0,"textCase":"ORIGINAL","textDecoration":"NONE","textAutoResize":"WIDTH_AND_HEIGHT","textAlignHorizontal":"LEFT","textAlignVertical":"TOP","letterSpacing":-0.48,"fills":null,"hyperLink":null,"opentypeFlags":{},"lineHeightPx":20.832000732421875,"lineHeightPercent":100.0,"lineHeightPercentFontSize":null,"lineHeightUnit":"INTRINSIC_%","pbdlType":"text_style"}},{"UUID":"1:182","layoutMainAxisSizing":null,"layoutCrossAxisSizing":null,"name":"caption ","isVisible":false,"boundaryRectangle":null,"style":null,"prototypeNodeUUID":null,"child":null,"constraints":null,"description":"","pbdlType":"global_text_style","textStyle":{"UUID":"","layoutMainAxisSizing":null,"layoutCrossAxisSizing":null,"name":"","isVisible":false,"boundaryRectangle":null,"style":null,"prototypeNodeUUID":"","child":null,"constraints":null,"fontFamily":"DM Sans","fontPostScriptName":"DMSans-Regular","paragraphSpacing":0,"paragraphIndent":0,"listSpacing":0,"italics":null,"fontWeight":400,"fontSize":12.0,"textCase":"ORIGINAL","textDecoration":"NONE","textAutoResize":"WIDTH_AND_HEIGHT","textAlignHorizontal":"LEFT","textAlignVertical":"TOP","letterSpacing":-0.12,"fills":null,"hyperLink":null,"opentypeFlags":{},"lineHeightPx":18.2760009765625,"lineHeightPercent":116.97388458251953,"lineHeightPercentFontSize":152.3000030517578,"lineHeightUnit":"FONT_SIZE_%","pbdlType":"text_style"}}],"themeColors":[],"themeTextStyles":[]},"pbdlType":"project","azure_container_uri":"https://pbnestcore.blob.core.windows.net/mk6dyudvgedvlex7uppsd6"}